Date,Content,Source
2024-07-20 16:43:00,"Hyundai Santa Fe thế hệ mới liên tiếp ""lánh án"" triệu hồi do dính nhiều lỗi khác nhau, trong đó đợt triệu hồi mới nhất liên quan đến phần mềm điều khiển có thể làm hỏng hộp số.",https://thanhnien.vn/chua-kip-ve-viet-nam-hyundai-santa-fe-moi-lien-tiep-dinh-loi-phai-trieu-hoi-185240719224820826.htm
2024-07-20 15:28:00,"Đóng nắp ca-pô (mui xe) ô tô là thao tác tưởng chừng đơn giản nhưng nếu thực hiện một cách tùy tiện, không đúng cách… theo thời gian sẽ làm hư hỏng, biến dạng phần nắp ca-pô. Vậy, khi cần đóng nắp ca-pô trên ô tô phải thao tác như thế nào cho đúng?",https://thanhnien.vn/dong-nap-ca-po-o-to-sao-cho-dung-185240719113048667.htm
2024-04-29 14:47:00,"Thời tiết nắng nóng gay gắt cùng tình trạng kẹt xe trên nhiều tuyến đường những ngày nghỉ lễ… do đó khi dừng nghỉ hoặc sau chuyến hành trình dài nhiều chủ xe thường mở nắp ca-pô ô tô để giúp ""giải nhiệt"" nhanh cho khoang động cơ, tuy nhiên việc làm này có thực sự cần thiết?",https://thanhnien.vn/nang-gat-co-can-mo-nap-ca-po-giai-nhiet-khoang-dong-co-o-to-sau-chuyen-di-185240427220250523.htm
2024-07-20 18:17:00,"Tang lễ Tổng Bí thư Ban Chấp hành Trung ương Đảng Cộng sản Việt Nam Nguyễn Phú Trọng được tổ chức theo nghi thức Quốc tang, trong 2 ngày 25 và 26.7.",https://thanhnien.vn/quoc-tang-tong-bi-thu-nguyen-phu-trong-trong-2-ngay-25-267-185240720181027384.htm
2024-07-20 20:11:00,"Chiều 20.7, tại Bắc Kinh, Tổng Bí thư, Chủ tịch nước Trung Quốc Tập Cận Bình đã đến Đại sứ quán Việt Nam tại Trung Quốc viếng, chia buồn sâu sắc và ghi sổ tang tiễn biệt Tổng Bí thư Nguyễn Phú Trọng.",https://thanhnien.vn/tong-bi-thu-tap-can-binh-vieng-tong-bi-thu-nguyen-phu-trong-185240720200040971.htm
2024-07-20 18:08:00,"Để tỏ lòng tiếc thương và tưởng nhớ đồng chí Tổng Bí thư Nguyễn Phú Trọng, Ban Chấp hành Trung ương Đảng Cộng sản Việt Nam, Quốc hội nước Cộng hoà xã hội chủ nghĩa Việt Nam, Chủ tịch nước Cộng hoà xã hội chủ nghĩa Việt Nam, Chính phủ nước Cộng hoà xã hội chủ nghĩa Việt Nam, Ủy ban Trung ương Mặt trận Tổ quốc Việt Nam quyết định tổ chức tang lễ đồng chí Tổng Bí thư Nguyễn Phú Trọng với nghi thức Quốc tang.",https://thanhnien.vn/thong-cao-dac-biet-ve-le-tang-tong-bi-thu-nguyen-phu-trong-18524072018012711.htm
2024-07-20 17:36:00,"Tại nhà Trưởng ban Tuyên giáo - Hội Cựu chiến binh tỉnh Cà Mau, các cựu chiến binh lập bàn thờ tưởng nhớ Tổng Bí thư Nguyễn Phú Trọng.",https://thanhnien.vn/nguoi-dan-o-ca-mau-lap-ban-tho-tuong-nho-tong-bi-thu-nguyen-phu-trong-185240720152339705.htm
2024-07-20 18:29:00,"Không ai bảo ai, người dân làng Lại Đà nơi Tổng Bí thư Nguyễn Phú Trọng sinh ra, cùng nhau nhổ từng khóm cỏ, chà từng mảng rêu, quét dọn đường ngõ để chuẩn bị cho lễ quốc tang.",https://thanhnien.vn/dan-lang-lai-da-chuan-bi-cho-le-quoc-tang-185240720171447399.htm
2024-07-20 22:11:00,"Nữ bị can Phạm Thị Thu Trang cầm đầu nhóm đối tượng có hành vi manh động, có tính chất côn đồ, xông vào trong công trường thi công nhằm gây rối trật tự công cộng.",https://thanhnien.vn/bat-nu-bi-can-cam-dau-nhom-gay-roi-trat-tu-cong-cong-185240720205059756.htm
2024-04-10 08:03:00,"Sau một thời gian dài vận động, thuyết phục, ngày 11.4 tới, UBND H.An Dương (TP.Hải Phòng) sẽ thực hiện cưỡng chế thu hồi đất đối với hộ bà Phạm Thị Thu Trang để bàn giao mặt bằng cho chủ đầu tư và nhà thầu thi công dự án nút giao thông khác mức.",https://thanhnien.vn/ngay-114-hai-phong-se-cuong-che-doi-voi-ho-dan-khong-chiu-ban-giao-mat-bang-185240409195745492.htm
2024-07-20 22:02:00,"Theo dự báo, từ nay đến hết tháng 7, miền Bắc sẽ đón 2 đợt mưa giông vào ngày 22 - 25.7 và 26 - 30.7.",https://thanhnien.vn/mien-bac-mua-giong-tu-nay-den-het-thang-7-185240720203837174.htm
2024-07-20 15:10:00,"Theo dự báo, sau khi đổ bộ vào đảo Hải Nam (Trung Quốc), áp thấp nhiệt đới sẽ đi vào khu vực vịnh Bắc bộ.",https://thanhnien.vn/ap-thap-nhiet-doi-huong-vao-vinh-bac-bo-185240720145358897.htm
2024-07-20 20:08:00,Viện KSND tối cao cáo buộc cựu Chủ tịch Tập đoàn FLC Trịnh Văn Quyết cùng đồng phạm đã chiếm đoạt hơn 3.600 tỉ đồng của hơn 30.000 nhà đầu tư thông qua việc bán cổ phiếu ROS.,https://thanhnien.vn/ong-trinh-van-quyet-lua-dao-hon-30000-nha-dau-tu-the-nao-185240720194357958.htm
2024-07-04 13:28:00,"Theo luật sư, cựu Chủ tịch Tập đoàn FLC Trịnh Văn Quyết đang trong quá trình điều trị bệnh, song tinh thần vẫn tốt trước ngày hầu tòa.",https://thanhnien.vn/cuu-chu-tich-tap-doan-flc-trinh-van-quyet-truoc-ngay-hau-toa-185240704114245406.htm
2024-07-20 19:51:00,"Trên đường trồng keo thuê trở về nhà, 2 người phụ nữ ở Nghệ An băng qua suối thì bị nước cuốn trôi mất tích.",https://thanhnien.vn/2-nguoi-bi-nuoc-suoi-cuon-mat-tich-185240720185751486.htm
2024-06-09 11:43:00,"Hai vợ chồng đang trên thuyền đánh cá, thì không may người vợ bị sẩy chân rơi xuống biển. Ngay lập tức, người chồng nhảy xuống cứu được vợ, nhưng sau đó người chồng lại bị sóng cuốn trôi, mất tích.",https://thanhnien.vn/nhay-xuong-bien-cuu-vo-nguoi-chong-bi-song-cuon-mat-tich-185240609110517435.htm
2024-07-20 19:06:00,"Áp thấp nhiệt đới có khả năng mạnh lên thành bão, chính quyền Đà Nẵng kêu gọi tàu thuyền khẩn trương vào bờ, tìm nơi trú ẩn an toàn.",https://thanhnien.vn/ung-pho-ap-thap-nhiet-doi-da-nang-keu-goi-tau-thuyen-khan-truong-vao-bo-185240720185520752.htm
2024-07-15 17:35:00,"Bộ Chỉ huy Bộ đội biên phòng tỉnh Quảng Bình khẩn trương thông báo về tình hình áp thấp nhiệt đới trên Biển Đông, đồng thời kêu gọi hàng trăm tàu thuyền vào nơi trú ẩn an toàn.",https://thanhnien.vn/ap-thap-nhiet-doi-quang-binh-keu-goi-hang-tram-tau-thuyen-vao-bo-tru-an-185240715162952973.htm
2024-07-20 19:00:00,"Do ảnh hưởng của dải hội tụ nhiệt đới kết hợp với áp thấp nhiệt đới nên toàn Biển Đông đang có thời tiết xấu, riêng khu vực bắc Biển Đông có gió mạnh cấp 6 - cấp 7, sau tăng lên cấp 8, giật cấp 10, biển động mạnh.",https://thanhnien.vn/song-cao-45-m-gio-giat-cap-10-tren-bien-dong-canh-bao-thien-tai-cap-3-185240720182625725.htm
2024-07-20 18:59:00,"Thêm vụ sạt lở đất xảy ra tại xã Đạ K'Nàng (H.Đam Rông, Lâm Đồng) làm 1 người tử vong và 1 người bị thương.",https://thanhnien.vn/lam-dong-lai-xay-ra-sat-lo-dat-1-nguoi-tu-vong-1-nguoi-bi-thuong-185240720181635911.htm
2024-07-15 10:17:00,"Sạt lở đất vùi lấp một phần căn nhà ở xã vùng sâu Đạ K'Nàng (H.Đam Rông, Lâm Đồng) khiến một nữ giáo viên tử vong.",https://thanhnien.vn/lam-dong-sat-lo-dat-mot-nu-giao-vien-tu-vong-185240715100030937.htm
2024-07-20 18:58:00,"Một ca nô du lịch chở du khách đi tắm biển bị chìm ở vùng biển Cù Lao Chàm (Quảng Nam), rất may 3 thuyền viên cùng 20 du khách đều an toàn.",https://thanhnien.vn/quang-nam-ca-no-du-lich-cho-20-du-khach-chim-o-vung-bien-cu-lao-cham-185240720182711413.htm
2023-08-19 09:23:00,"Sau vụ lật ca nô du lịch ở biển Cửa Đại khiến 17 người tử vong vào năm 2022, UBND tỉnh Quảng Nam đề nghị Cục Đăng kiểm Việt Nam kiểm tra, đánh giá lại phương tiện đã hoán cải.",https://thanhnien.vn/vu-lat-ca-no-du-lich-o-bien-cua-dai-17-nguoi-chet-de-nghi-kiem-tra-phuong-tien-hoan-cai-185230819082152299.htm
2024-07-20 18:21:00,Giám đốc một công ty địa ốc ở Bình Phước bị cục thuế đề nghị tạm hoãn xuất cảnh do nợ thuế hơn 170 tỉ đồng.,https://thanhnien.vn/binh-phuoc-tam-hoan-xuat-canh-giam-doc-cong-ty-no-thue-hon-170-ti-dong-185240720173552046.htm
2024-07-05 15:07:00,"Ngày 5.7, Cục Thuế tỉnh Bình Dương vừa ra thông báo về việc tạm hoãn xuất cảnh đối với 3 người đại diện pháp luật cho doanh nghiệp bị nợ thuế, trong đó có 2 người nước ngoài.",https://thanhnien.vn/binh-duong-them-3-nguoi-bi-tam-hoan-xuat-canh-do-no-thue-185240705141257154.htm
2024-07-20 17:41:00,"'Độ lùi lịch sử' 70 năm cũng đủ cho việc nhìn lại, đánh giá đúng Hiệp định Geneva. Những bài học, kinh nghiệm rút ra từ quá trình đàm phán và bản hiệp định này vẫn còn ý nghĩa thiết thực về chiến lược và sách lược đối ngoại cả trong quá khứ, hiện tại và tương lai.",https://thanhnien.vn/bai-hoc-lich-su-tu-hiep-dinh-geneva-185240720152521077.htm
2024-07-20 17:33:00,"Nghe tin Tổng Bí thư Nguyễn Phú Trọng từ trần, người dân Kon Tum tiếc thương vô hạn đối với người cộng sản trung kiên, tận tụy cống hiến cho đất nước, cho dân tộc đến những giây phút cuối cùng của cuộc đời.",https://thanhnien.vn/tong-bi-thu-nguyen-phu-trong-trong-long-nguoi-dan-kon-tum-185240720152101732.htm
2024-07-20 17:12:00,"Trong 2 ngày 20 - 21.7, tại huyện Côn Đảo, tỉnh Bà Rịa - Vũng Tàu, Thành ủy, HĐND, UBND, Ủy ban MTTQ Việt Nam TP.HCM tổ chức nhiều hoạt động đền ơn đáp nghĩa, tri ân và tưởng niệm các anh hùng liệt sĩ nhân kỷ niệm 77 năm ngày Thương binh - liệt sĩ (27.7.1947 - 27.7.2024).",https://thanhnien.vn/tphcm-to-chuc-nhieu-hoat-dong-den-on-dap-nghia-tai-con-dao-185240720161602381.htm
2024-07-20 16:14:00,"Đại sứ Trung Quốc tại Việt Nam Hùng Ba khẳng định, Tổng Bí thư Nguyễn Phú Trọng không chỉ là nhà chính trị kiệt xuất, mà còn là nhà lý luận vĩ đại, sâu sắc và tỉnh táo.",https://thanhnien.vn/tong-bi-thu-nguyen-phu-trong-nha-chinh-tri-kiet-xuat-185240720143439717.htm
2024-07-20 15:58:00,"Được tin Tổng Bí thư Nguyễn Phú Trọng từ trần, lãnh đạo Thái Lan, Ấn Độ, Triều Tiên, Hàn Quốc, Mỹ, Nhật Bản, Úc và Liên Hiệp Quốc đã gửi các điện, thư chia buồn đến Ban Chấp hành T.Ư Đảng Cộng sản Việt Nam, Chủ tịch nước Tô Lâm, Thủ tướng Phạm Minh Chính và Chủ tịch Quốc hội Trần Thanh Mẫn.",https://thanhnien.vn/trieu-tien-my-va-lhq-gui-dien-chia-buon-tong-bi-thu-nguyen-phu-trong-tu-tran-185240720153233615.htm
2024-07-20 14:30:00,"Chủ tịch Quốc hội Trần Thanh Mẫn cho biết, khi ở cương vị Chủ tịch Quốc hội, Tổng Bí thư Nguyễn Phú Trọng luôn căn dặn: ""Chính sách, luật pháp ban hành đừng xa rời cuộc sống. Chúng ta đập nhịp đập của cuộc sống, của trái tim nhân dân thì nhất định hoạt động của Quốc hội sẽ sinh động và hiệu quả"".",https://thanhnien.vn/tong-bi-thu-nguyen-phu-trong-quoc-hoi-phai-cung-nhip-dap-cua-trai-tim-nhan-dan-185240720140625757.htm
2024-07-20 14:49:00,"Trong quá trình thực hiện nhiệm vụ, Quỹ Bảo vệ và phát triển rừng Gia Lai đã chi sai khoảng 31 tỉ đồng tiền dịch vụ môi trường rừng.",https://thanhnien.vn/quy-bao-ve-va-phat-trien-rung-gia-lai-chi-sai-khoang-31-ti-dong-185240720133209834.htm
2013-11-10 04:31:57,"Ngày 9.11, tại TP.Đà Lạt, Bộ NN-PTNT và UBND tỉnh Lâm Đồng phối hợp tổ chức hội nghị Chính sách chi trả dịch vụ môi trường rừng khu vực Tây nguyên mở rộng.",https://thanhnien.vn/thuy-dien-no-hon-296-ti-dong-dich-vu-moi-truong-rung-185391849.htm
2024-07-20 12:39:00,"Cho đến những ngày gần đây, khi sức khỏe giảm sút rõ rệt, thể lực yếu dần nhưng trí tuệ, tâm huyết của Tổng Bí thư Nguyễn Phú Trọng vẫn vẹn nguyên, vẫn rực sáng.",https://thanhnien.vn/tong-bi-thu-nguyen-phu-trong-ngon-lua-ve-tri-thuc-ly-luan-185240720074229697.htm
2024-07-20 14:09:00,"Quyết định khởi tố Giám đốc Sở Tài chính tỉnh Bắc Ninh Nguyễn Kim Thoại được đưa ra sau khi Cơ quan CSĐT Công an tỉnh Bắc Ninh mở rộng điều tra vụ án lợi dụng chức vụ, quyền hạn trong khi thi hành công vụ' xảy ra tại TT.Gia Bình.",https://thanhnien.vn/khoi-to-giam-doc-so-tai-chinh-bac-ninh-185240720135830031.htm
2024-03-15 10:00:00,"Cựu Chủ tịch UBND H.Gia Bình (Bắc Ninh) vừa bị khởi tố để điều tra tội lợi dụng chức vụ, quyền hạn trong khi thi hành công vụ. Vụ án này được khởi tố vào cuối năm 2023, thời điểm này công an đã bắt 10 bị can để điều tra.",https://thanhnien.vn/cong-an-tinh-bac-ninh-khoi-to-them-1-cuu-chu-tich-huyen-18524031509470705.htm
2024-07-20 14:08:00,"Hình ảnh giản dị và những câu nói, phát biểu nổi tiếng của Tổng Bí thư Nguyễn Phú Trọng đang được rất nhiều người dùng mạng chia sẻ trên các diễn đàn mạng xã hội với lòng kính trọng và niềm tiếc thương vô hạn.",https://thanhnien.vn/danh-du-moi-la-dieu-thieng-lieng-cao-quy-nhat-185240720120404836.htm
2024-07-20 14:05:00,"Những đúc kết của Tổng Bí thư Nguyễn Phú Trọng nêu ra trong bài phát biểu tại Hội nghị tổng kết 10 năm công tác phòng, chống tham nhũng, tiêu cực (2012 - 2022) chính là hệ thống các quan điểm của ông về công cuộc ""chống giặc nội xâm"".",https://thanhnien.vn/quan-diem-cua-tong-bi-thu-nguyen-phu-trong-ve-phong-chong-tham-nhung-185240719170124932.htm
2024-07-03 05:42:00,"Ngày 2.7, Chủ tịch nước Tô Lâm và Đoàn đại biểu Quốc hội tỉnh Hưng Yên có cuộc tiếp xúc cử tri tại TP.Hưng Yên, nhằm thông báo về kết quả kỳ họp thứ 7, Quốc hội khóa XV, cũng như lắng nghe, giải đáp kiến nghị của cử tri.",https://thanhnien.vn/phong-chong-tham-nhung-tiep-tuc-duoc-day-manh-185240702232846037.htm
2024-07-20 13:52:00,"BHXH Cà Mau kiến nghị UBND tỉnh Cà Mau chỉ đạo Sở Y tế tăng cường kiểm soát chi phí khám chữa bệnh BHYT sử dụng hiệu quả, tiết kiệm, không lạm dụng quỹ BHYT, không để bệnh nhân phải mua bên ngoài thuốc, vật tư y tế trong danh mục thanh toán.",https://thanhnien.vn/bhxh-ca-mau-kien-nghi-kiem-soat-chi-phi-kham-chua-benh-bhyt-185240720014100971.htm
2024-06-08 17:31:00,BHXH tỉnh Cà Mau kiến nghị Sở Y tế thương thảo với nhà thầu giảm giá thuốc thuộc Dự án mua thuốc tập trung cho các cơ sở y tế công lập năm 2023 - 2025.,https://thanhnien.vn/ca-mau-bhxh-de-nghi-so-y-te-thuong-thao-voi-nha-thau-giam-gia-thuoc-185240608020725813.htm
2024-07-20 13:39:00,"Ngày 20.7, Công an tỉnh Gia Lai cho biết đã tống đạt quyết định khám xét, bắt tạm giam bị can Lê Khắc Huy (36 tuổi), chuyên viên Phòng Nghiệp vụ 2, Sở Tư pháp tỉnh Gia Lai.",https://thanhnien.vn/tam-giam-mot-can-bo-so-tu-phap-tinh-gia-lai-18524072013111943.htm
2024-03-31 10:10:00,"Cơ quan CSĐT Công an tỉnh Cà Mau vừa bắt tạm giam một cán bộ tư pháp và một chủ cơ sở đóng tàu, để điều tra về hành vi nhận hối lộ và đưa hối lộ.",https://thanhnien.vn/ca-mau-bat-giam-can-bo-tu-phap-nhan-hoi-lo-chung-thuc-ho-so-khong-185240331093524739.htm
2024-07-20 12:59:00,"Với xu hướng làm việc Poly-working, người lao động có thể cùng lúc làm nhiều việc khác nhau. Bên cạnh công việc chính, họ còn nhận thêm các dự án, công việc làm từ xa hay linh động thời gian để đa dạng hóa nguồn thu nhập, kinh nghiệm.",https://thanhnien.vn/tai-sao-phan-lon-gen-z-chon-lam-nhieu-viec-cung-luc-185240719215808812.htm
2024-07-20 19:16:00,"Người trúng đấu giá nhà hàng Thủy Tạ (TP.Đà Lạt, Lâm Đồng) phải đóng tiền thuê 1 lần cho 10 năm, tương ứng với hơn 36,450 tỉ đồng.",https://thanhnien.vn/trung-dau-gia-nha-hang-thuy-ta-da-lat-phai-dong-hon-36450-ti-dong-185240720180339359.htm
2024-07-20 16:23:00,"Vượt qua hoàn cảnh gia đình khó khăn, Cao Văn Vinh, vừa tốt nghiệp loại giỏi ngành y đa khoa của Trường ĐH Y dược Cần Thơ. Trong buổi lễ tốt nghiệp, Vinh đại diện sinh viên phát biểu xúc động để tri ân cha mẹ.",https://thanhnien.vn/tan-bac-si-phat-bieu-xuc-dong-cha-me-loi-bun-de-con-duoc-mac-ao-blouse-185240720155020278.htm
2024-07-20 19:59:00,"Từ chiều 19.7, nhân dân tại thôn Lại Đà và toàn xã Đông Hội (huyện Đông Anh, thành phố Hà Nội) không ai bảo ai, tự nguyện dọn dẹp vệ sinh môi trường, đảm bảo an ninh trật tự để chuẩn bị đón tiếp thân nhân gia đình Tổng Bí thư cùng các đoàn khách về thăm quê, thắp nhang đưa tiễn người lãnh tụ.",https://thanhnien.vn/nguoi-dan-thon-lai-da-thuong-nho-tong-bi-thu-nguyen-phu-trong-185240720195401314.htm
2024-07-20 23:34:00,"Xem tử vi hằng ngày năm 2024, tử vi vui 12 con giáp - tuổi Tí, Sửu, Dần, Mão, Thìn, Tị, Ngọ, Mùi, Thân, Dậu, Tuất và Hợi.",https://thanhnien.vn/tu-vi-hang-ngay-xem-tu-vi-vui-12-con-giap-ngay-2172024-185240719215855056.htm
2024-07-20 23:02:00,"Các quan chức Ukraine ngày 20.7 cho biết máy bay không người lái (UAV) và tên lửa của Nga đã tấn công Ukraine đêm qua, nhằm vào các cơ sở năng lượng cũng như cơ sở hạ tầng đường sắt trên khắp nước này.",https://thanhnien.vn/diem-xung-dot-canh-bao-xung-dot-ukraine-leo-thang-manh-my-lo-gi-ve-trung-quoc-185240720190724066.htm
2024-07-20 21:51:00,"Chiều 20.7, đội tuyển U.19 Việt Nam tiếp tục có buổi rèn quân tại TP.Surabaya (Indonesia) để chuẩn bị cho lượt trận thứ 2 tại bảng B - giải vô địch U.19 Đông Nam Á 2024. Toàn đội cho thấy sự tập trung cao độ trước cuộc đối đầu với đối thủ mạnh U19 Úc.",https://thanhnien.vn/u19-viet-nam-tap-trung-cao-do-cho-tran-quyet-dau-voi-uc-thua-la-ve-185240720214914076.htm
2024-07-20 21:30:00,Cùng Báo Thanh Niên nhìn lại tiểu sử và quá trình công tác của Tổng Bí thư Nguyễn Phú Trọng.,https://thanhnien.vn/tieu-su-va-qua-trinh-cong-tac-tong-bi-thu-nguyen-phu-trong-185240720220257065.htm
2024-07-20 20:00:00,‘Xem nhanh 20h’ ngày 20.7 có nhiều tin tức đáng chú ý về: Quốc tang Tổng Bí thư Nguyễn Phú Trọng trong 2 ngày 25 - 26.7; Lãnh đạo thế giới gửi lời chia buồn; Cuba tuyên bố quốc tang tưởng niệm; Ký ức bạn làng Lại Đà về Tổng Bí thư Nguyễn Phú Trọng;...,https://thanhnien.vn/xem-nhanh-20h-ngay-207-tang-le-tong-bi-thu-nguyen-phu-trong-duoc-to-chuc-theo-nghi-thuc-quoc-tang-185240720174439387.htm
2024-07-20 05:30:00,Đó là quan điểm của nhiều người xung quanh đề xuất phạt đến 1 tỉ đồng đối với các chủ đầu tư không công khai thông tin dự án đã thế chấp ngân hàng mà Bộ Xây dựng đang lấy ý kiến.,https://thanhnien.vn/tien-phat-phai-cao-hon-mon-loi-bat-chinh-185240719205532022.htm
2024-07-20 18:53:00,Hai công dân Úc và ba người Indonesia sống sót sau vụ tai nạn trực thăng ở khu Nam Kuta thuộc tỉnh Bali của Indonesia vào chiều 19.7.,https://thanhnien.vn/truc-thang-cho-5-nguoi-roi-sau-khi-vuong-vao-day-dieu-185240720175333811.htm
2024-07-21 00:17:00,Quân đội Israel ngày 20.7 tuyên bố các máy bay chiến đấu của họ đã tấn công những mục tiêu quân sự của Houthi trong thành phố cảng Hodeidah ở Yemen.,https://thanhnien.vn/quan-doi-israel-tan-cong-tra-dua-houthi-sau-khi-tel-aviv-hung-uav-18524072100091955.htm
2024-07-20 22:45:00,"Một liên minh của các nhóm vũ trang sắc tộc ở Myanmar đã đồng ý gia hạn lệnh ngừng bắn với chính quyền nước này ở bang Shan sau 'áp lực' từ Trung Quốc, theo thủ lĩnh của một nhóm trong liên minh.",https://thanhnien.vn/phe-noi-day-myanmar-gia-han-ngung-ban-voi-chinh-quyen-185240720211853017.htm
2024-07-20 21:38:00,"Một ông chủ công ty ở Trung Quốc đã chia khoản tiền bồi thường gần 7,7 triệu nhân dân tệ (26,8 tỉ đồng) cho hơn 400 nhân viên cũ dù nhà máy của ông đã đóng cửa 20 năm.",https://thanhnien.vn/nhan-268-ti-dong-tien-boi-thuong-nha-may-bi-giai-toa-ong-chu-chia-het-cho-nhan-vien-cu-185240720195341258.htm
2024-07-20 21:01:00,"Phòng GD-ĐT Q.Tân Phú, TP.HCM mới đây đã ban hành văn bản hướng dẫn về việc giải quyết và tiếp nhận học sinh chuyển trường năm học 2024-2025 ở khối tiểu học, THCS. Có gì đáng chú ý về các thủ tục này?",https://thanhnien.vn/tphcm-qtan-phu-se-tiep-nhan-hoc-sinh-chuyen-truong-nam-hoc-2024-2025-nhu-the-nao-185240720203402352.htm
2024-07-20 20:27:00,"Tại xã Đạ K'Nàng, H.Đam Rông (Lâm Đồng) lại xảy ra vụ sạt lở đất làm 1 người chết và 1 người bị thương.",https://thanhnien.vn/lai-sat-lo-kinh-hoang-o-lam-dong-2-nguoi-thuong-vong-185240720200516721.htm
2024-07-21 00:07:00,"Nghiên cứu mới của các nhà khoa học Đan Mạch phát hiện người bệnh tiểu đường ngủ quá nhiều hoặc quá ít đều gây tổn thương các mạch máu nhỏ, gọi là bệnh vi mạch - một tình trạng có thể gây tổn thương các cơ quan trên khắp cơ thể, có thể dẫn đến mù lòa và suy thận.",https://thanhnien.vn/phat-hien-thoi-gian-ngu-tot-cho-nguoi-benh-tieu-duong-185240716212939467.htm
2024-07-21 00:10:00,"'Chuối mang lại vô số lợi ích cho sức khỏe. Tuy nhiên, các chuyên gia dinh dưỡng lưu ý một điều cần phải chú ý khi ăn chuối'. Hãy bắt đầu ngày mới với tin tức sức khỏe để xem thêm nội dung bài viết này!",https://thanhnien.vn/ngay-moi-voi-tin-tuc-suc-khoe-vi-sao-khong-nen-an-chuoi-luc-bung-doi-185240720165954225.htm
2024-07-21 00:06:00,"Chuối mang lại vô số lợi ích cho sức khỏe. Tuy nhiên, các chuyên gia dinh dưỡng lưu ý một điều cần phải chú ý khi ăn chuối.",https://thanhnien.vn/chuyen-gia-chia-se-cach-an-chuoi-tot-cho-suc-khoe-185240720153351384.htm
2024-07-21 00:08:00,Trà xanh chứa chất chống oxy hóa và các hợp chất mang lại vô số lợi ích cho sức khỏe.,https://thanhnien.vn/4-loi-ich-suc-khoe-quan-trong-nhat-cua-viec-uong-tra-xanh-moi-ngay-185240720164051674.htm
2024-07-20 13:40:00,"Theo Phó chủ tịch thường trực T.Ư Hội Sinh viên Việt Nam Hồ Hồng Nguyên, những giá trị của chương trình ""Tiếp sức mùa thi"" năm 2024 đã lan tỏa không những đến thí sinh mà cả người nhà của thí sinh.",https://thanhnien.vn/tiep-suc-mua-thi-lan-toa-cac-gia-tri-den-thi-sinh-lan-nguoi-nha-18524072012533265.htm
2024-07-20 15:50:00,"Theo cơ quan công an, sau khi được đưa đến bác sĩ thăm khám, mẹ của 4 cháu nhỏ không nơi nương tựa sau khi mẹ bị bắt để thi hành án lại tiếp tục mang thai.",https://thanhnien.vn/thong-tin-moi-ve-vu-4-chau-nho-khong-noi-nuong-tua-o-dak-lak-185240720142745965.htm
2024-07-20 13:04:00,"Chúng tôi hay trêu bà: ""Sao bà có thể nghĩ đến những thứ xa xôi đến vậy"". Chỉ mỗi nhà chúng tôi như thế thì tiết kiệm được bao nhiêu. Nhưng bà tôi vẫn kiên trì với ý kiến của mình. Bà nói có những thứ lớn lao bắt đầu từ những điều nho nhỏ. Tiết kiệm điện cũng thế.",https://thanhnien.vn/mot-cong-doi-viec-rat-hieu-qua-cua-ba-toi-185240719075318968.htm
2024-07-20 12:12:00,"Để đánh dấu cột mốc đáng nhớ trước tuổi 30, Nguyễn Thị Minh Huệ đã thực hiện chuyến đi phượt xuyên Việt một mình bằng chiếc xe máy cũ của anh trai.",https://thanhnien.vn/co-gai-di-phuot-xuyen-viet-bang-xe-may-cot-moc-dang-nho-truoc-tuoi-30-185240716161312847.htm
2024-07-20 14:55:00,"Ngoài việc sử dụng AI để khai thác lỗ hổng, tạo ra các chương trình tấn công, tin tặc giờ đây còn tìm cách âm thầm đào tạo trí tuệ nhân tạo của doanh nghiệp để phục vụ cho chúng.",https://thanhnien.vn/xu-huong-moi-loi-dung-ai-de-tan-cong-bao-mat-185240720103739199.htm
2024-07-20 17:47:00,Android 15 hé lộ một tính năng ẩn thú vị là trình bảo vệ màn hình 'Landroid'.,https://thanhnien.vn/kham-pha-che-do-man-hinh-cho-bi-an-cua-android-15-185240720122253854.htm
2024-07-20 15:43:00,Nhà phân tích nổi tiếng Ming-chi Kuo viết trong báo cáo mới nhất của mình về kỳ vọng dành cho iPhone 16 khi tin rằng Apple Intelligence không đủ thúc đẩy doanh số bán hàng dòng sản phẩm này.,https://thanhnien.vn/apple-intelligence-chua-the-loi-keo-nguoi-dung-den-voi-iphone-16-185240720145016043.htm
2024-07-20 15:32:00,"Sau khi Báo Thanh Niên đăng bài: 'Siết' chủ đầu tư không công khai dự án đã thế chấp nói về dự thảo Nghị định quy định xử phạt vi phạm hành chính về xây dựng, với mức phạt lên đến 1 tỉ đồng cho hành vi không công khai dự án thế chấp, ngày 20.7, Bộ Xây dựng đã có thông tin phản hồi.",https://thanhnien.vn/phat-kich-khung-chu-dau-tu-khong-cong-khai-du-an-da-the-chap-185240720152038483.htm
2024-07-20 15:26:00,"Ngày 20.7, Tập đoàn Bamboo Capital (HoSE: BCG) đã khởi công xây dựng nhà máy đốt rác phát điện Tâm Sinh Nghĩa giai đoạn 1, với công suất 2.600 tấn/ngày, vốn đầu tư 6.400 tỉ đồng.",https://thanhnien.vn/khoi-cong-nha-may-dot-rac-phat-dien-6400-ti-dong-185240720145831784.htm
2024-07-20 15:26:00,"Ngân hàng TMCP Sài Gòn (SCB) vừa tiếp tục chấm dứt 9 phòng giao dịch, nâng tổng số lượng phòng giao dịch đóng cửa lên 29 điểm trong 4 tuần qua.",https://thanhnien.vn/scb-dong-cua-them-9-phong-giao-dich-185240720152124341.htm
2024-07-20 15:17:00,Tòa Công lý quốc tế ở The Hague (Hà Lan) vừa ra phán quyết cho rằng các khu định cư của Israel ở những lãnh thổ chiếm đóng của người Palestine là phi pháp và mọi quốc gia nên hợp tác nhằm chấm dứt xung đột Israel - Palestine.,https://thanhnien.vn/them-phan-quyet-bat-loi-cho-israel-tu-toa-cong-ly-quoc-te-185240720122724188.htm
2024-07-20 14:27:00,Giám đốc điều hành Microsoft đã lên tiếng về sự cố gián đoạn dịch vụ do lỗi cập nhật CrowdStrike.,https://thanhnien.vn/ceo-microsoft-noi-gi-ve-su-co-man-hinh-xanh-chet-choc-toan-cau-185240720125743182.htm
2024-07-05 09:30:00,"Bản vá bảo mật tháng 7 vừa được Google phát hành cho người dùng Android nhằm giải quyết nhiều điểm yếu trong mã Android cốt lõi (AOSP), đặc biệt là một lỗ hổng quan trọng: CVE-2024-31320.",https://thanhnien.vn/nguoi-dung-android-can-cap-nhat-ngay-ban-va-bao-mat-quan-trong-185240704062515362.htm
2024-07-20 14:30:00,"Không chỉ khiến máy tính để bàn gặp vấn đề, nhiều laptop cũng đang chịu ảnh hưởng bởi sự cố từ CPU Intel.",https://thanhnien.vn/cpu-intel-tiep-tuc-khien-hang-loat-laptop-gap-su-co-185240720123623766.htm
2024-05-14 14:14:00,"Trong sự kiện được tổ chức mới đây, OpenAI đã công bố mẫu AI mới có tên GTP-4o cũng như tiết lộ phiên bản ChatGPT dành cho máy tính để bàn với giao diện người dùng mới.",https://thanhnien.vn/openai-ra-mat-gpt-4o-nhanh-gap-doi-gpt-4-turbo-185240514102833841.htm
2024-04-25 08:30:00,Cuối cùng HMD Global đã công bố những chiếc smartphone đầu tiên mang thương hiệu của riêng họ thay vì sử dụng tên Nokia trước đây.,https://thanhnien.vn/bo-ba-smartphone-hmd-dau-tien-ra-mat-voi-gia-re-de-sua-chua-185240424183101674.htm
2024-07-16 15:31:00,"Danh sách nền tảng số quốc gia bao gồm các nền tảng số, hệ thống thông tin, ứng dụng do bộ, ngành đầu tư, triển khai sử dụng toàn quốc từ T.Ư đến các địa phương… nhằm phục vụ nghiệp vụ, chức năng quản lý nhà nước của các bộ, ngành tại địa phương.",https://thanhnien.vn/bo-tt-tt-cong-bo-danh-sach-cac-nen-tang-so-quoc-gia-185240716142933572.htm
2024-07-20 18:55:00,"Để tỏ lòng tiếc thương và tưởng nhớ đồng chí Tổng Bí thư Nguyễn Phú Trọng, Ban Chấp hành Trung ương Đảng Cộng sản Việt Nam, Quốc hội nước Cộng hòa xã hội chủ nghĩa Việt Nam, Chủ tịch nước Cộng hòa xã hội chủ nghĩa Việt Nam, Chính phủ nước Cộng hòa xã hội chủ nghĩa Việt Nam, Ủy ban Trung ương Mặt trận Tổ quốc Việt Nam quyết định tổ chức tang lễ đồng chí Tổng Bí thư Nguyễn Phú Trọng với nghi thức Quốc tang.",https://thanhnien.vn/thong-cao-dac-biet-ve-le-tang-tong-bi-thu-nguyen-phu-trong-185240720185331267.htm
2024-07-20 19:39:00,"Tang lễ Tổng Bí thư Nguyễn Phú Trọng được tổ chức theo nghi thức Quốc tang, trong 2 ngày 25 và 26.7.",https://thanhnien.vn/quoc-tang-tong-bi-thu-nguyen-phu-trong-trong-2-ngay-25-267-185240720193534719.htm
2024-07-20 11:58:00,"Được tin Tổng Bí thư Nguyễn Phú Trọng từ trần, lãnh đạo các nước Lào, Trung Quốc, Campuchia, Cuba và Nga đã gửi các điện, thư chia buồn đến Ban Chấp hành T.Ư Đảng Cộng sản Việt Nam, Quốc hội, Chủ tịch nước, Chính phủ, Ủy ban T.Ư Mặt trận Tổ quốc và nhân dân Việt Nam.",https://thanhnien.vn/xem-nhanh-12h-ban-be-quoc-te-tiec-thuong-tong-bi-thu-nguyen-phu-trong-185240720071834236.htm
2024-07-20 14:16:00,"Sau khi Bộ Giáo dục và Đào tạo công bố điểm thi tốt nghiệp THPT 2024 vào ngày 17.7, nhiều thí sinh trúng tuyển có điều kiện cùng với phụ huynh của mình đã đến Trường ĐH Kinh tế - Tài chính TP.HCM (UEF) để được hướng dẫn đăng ký xét tuyển trên cổng thông tin của Bộ.",https://thanhnien.vn/thi-sinh-tim-hieu-nguyen-vong-va-thi-tieng-anh-trai-nghiem-mien-phi-tai-truong-dh-kinh-te-tai-chinh-tphcm-185240720113454613.htm
2024-07-20 14:28:00,Một công ty tư nhân Nga vừa tuyên bố sẽ thưởng lớn cho binh sĩ Nga đầu tiên bắn hạ chiến đấu cơ F-16 do phương Tây cung cấp cho Ukraine.,https://thanhnien.vn/neu-ha-f-16-binh-si-nga-duoc-thuong-bao-nhieu-tien-185240717164612752.htm
2024-07-20 17:59:00,"Một trong những vấn đề được khán giả quan tâm là khi giành thành tích cao tại Olympic 2024, các VĐV Việt Nam (VN) sẽ được nhận những khoản thưởng là bao nhiêu?",https://thanhnien.vn/vdv-viet-nam-gianh-hcv-olympic-duoc-thuong-gan-24-ti-dong-185240720174300836.htm
2024-07-20 12:22:00,Các trận đấu bóng đá trong khuôn khổ hệ thống thi đấu quốc gia do Liên đoàn Bóng đá Việt Nam (VFF) điều hành sẽ tạm dừng từ hôm nay 20.7 cho đến khi hết tang lễ của Tổng Bí thư Nguyễn Phú Trọng theo thông báo của Nhà nước.,https://thanhnien.vn/tam-dung-tat-ca-cac-tran-dau-trong-he-thong-thi-dau-quoc-gia-tai-viet-nam-185240720121229413.htm
2024-07-20 17:05:00,"16 đội tuyển trẻ hùng mạnh sẽ bước vào cuộc cạnh tranh tấm HCV Olympic Paris 2024, với những trận đấu diễn ra ở khung 20 giờ, 22 giờ, 0 giờ và 2 giờ.",https://thanhnien.vn/lich-thi-dau-bong-da-nam-olympic-khan-gia-viet-nam-lai-thuc-dem-xem-nhu-euro-185240720164447474.htm
2024-07-20 17:50:00,"Cách thời điểm khai mạc Olympic Paris 2024 khoảng 1 tuần, cảnh sát Pháp cho biết, các biện pháp an ninh đang được tăng cường, đặc biệt là đảm bảo an toàn cho làng VĐV.",https://thanhnien.vn/lo-ngai-olympic-bi-khung-bo-chu-nha-phap-siet-chat-an-ninh-vdv-viet-nam-da-nhap-lang-185240720172052466.htm
2024-07-20 18:18:00,"Bóng đá Pháp gây thất vọng ở EURO 2024, nhưng nếu thành công ở kỳ Olympic tổ chức trên sân nhà, nỗi buồn của người hâm mộ Pháp sẽ phần nào nguôi ngoai.",https://thanhnien.vn/bong-da-phap-lay-olympic-de-rua-han-euro-185240720172914918.htm
2024-07-20 14:47:00,"Hợp đồng của thủ môn Patrik Lê Giang với CLB bóng đá Công an Hà Nội (CAHN) sắp kết thúc, hiện chưa rõ thủ môn này có tiếp tục gắn bó với giải V-League ở mùa giải sắp tới hay không?",https://thanhnien.vn/patrik-le-giang-sap-roi-v-league-cai-duyen-voi-doi-tuyen-viet-nam-co-con-185240720142126353.htm
2024-07-20 13:35:00,Đội tuyển U.19 Việt Nam buộc phải đánh bại U.19 Úc để giành quyền vào bán kết giải U.19 Đông Nam Á.&nbsp;,https://thanhnien.vn/cong-phuong-tung-2-lan-da-bai-u19-uc-dan-em-cong-phuong-cha-nhe-chiu-kem-185240720133510791.htm
2023-10-19 08:50:00,"Trận thua của đội tuyển Ý trước Anh với tỷ số 1-3 ngày 18.10 chưa phải là kết cục thảm họa cho thầy trò HLV Luciano Spalletti, nhưng đó lại là nỗi sợ luôn ám ảnh họ.",https://thanhnien.vn/y-can-dieu-kien-gi-de-vao-vck-euro-2024-185231018234427322.htm
2024-04-17 14:52:00,"Ngày 17.4, tay vợt số 1 cầu lông Việt Nam Nguyễn Thùy Linh báo tin vui chính thức đoạt vé tham dự Olympic Paris 2024 diễn ra vào tháng 7 tới.",https://thanhnien.vn/nong-nguyen-thuy-linh-som-bao-tin-vui-doat-ve-du-olympic-paris-viet-nam-da-co-7-suat-185240417144745816.htm
2024-07-20 05:00:00,"Màn so tài với U.19 Úc ở lượt trận thứ 2 bảng B là trận đấu mang tính chất then chốt của U.19 Việt Nam, để nuôi hy vọng giành tấm vé đi tiếp vào bán kết giải U.19 Đông Nam Á 2024.",https://thanhnien.vn/u19-uc-doi-thu-da-tran-quyet-dinh-voi-u19-viet-nam-nguy-hiem-the-nao-185240720221955274.htm
2024-07-20 20:06:00,"Thực hiện Chỉ thị số 40-CT/TW Ban Bí thư Trung ương Đảng, nguồn vốn tín dụng chính sách đã đồng hành cùng đồng bào dân tộc thiểu số (DTTS) trên con đường thoát nghèo. Nguồn vốn đã giúp họ vươn lên cải thiện cuộc sống, qua đó củng cố lòng tin vào sự lãnh đạo của Đảng, Nhà nước.",https://thanhnien.vn/don-bay-giup-dong-bao-dan-toc-thieu-so-o-quang-binh-thoat-ngheo-185240720200056049.htm
2024-07-20 13:48:00,"Trong thời gian gần đây, trào lưu “Flex bạn đã đi được bao nhiêu tỉnh, thành ở Việt Nam” thu hút sự quan tâm, hưởng ứng của bạn trẻ trên mạng xã hội. Các status (trạng thái), comment (bình luận)... trên mạng xã hội về việc này cũng xuất hiện rất nhiều.",https://thanhnien.vn/nhieu-nguoi-hao-hung-huong-ung-trend-flex-di-duoc-bao-nhieu-tinh-thanh-o-viet-nam-185240720125836225.htm
2024-06-29 17:56:00,"Tỉnh đoàn Kon Tum cùng Tỉnh đoàn Đồng Nai đã thực hiện nhiều nội dung, công trình trong Chiến dịch tình nguyện Kỳ nghỉ hồng như: xây nhà nhân ái, thắp sáng đường quê, trao học bổng, tặng quà… với tổng trị giá 285,5 triệu đồng.",https://thanhnien.vn/ky-nghi-hong-voi-nhieu-mau-hong-18524062915462367.htm
2024-05-11 13:16:00,"Hơn 10 năm làm công việc vẽ diễn họa thời trang, Trần Hữu Phát (29 tuổi, nghệ danh Eris Trần), đã có cơ hội hợp tác với nhiều thương hiệu nổi tiếng.",https://thanhnien.vn/chang-trai-ve-dien-hoa-thoi-trang-nghe-thuat-lam-viec-voi-versace-iris-van-herpen-chanel-185240511111625622.htm
2024-07-20 18:45:00,"Sao chổi 13P/Olbers đang quay trở lại hệ mặt trời sau 68 năm và ở gần trái đất nhất vào hôm nay 20.7. Sau đó, chúng ta sẽ không nhìn thấy nó nữa cho đến tháng 3.2094.",https://thanhnien.vn/toi-nay-nguoi-viet-nhin-len-troi-xem-sao-choi-gan-trai-dat-nhat-sau-68-nam-18524071710085317.htm
2024-07-16 20:51:00,Thông tin về sao chổi C/2023 A3 (Tsuchinshan-ATLAS) có thể đang tan rã khiến nhiều người yêu thiên văn Việt Nam tiếc nuối. Vì sao vậy?,https://thanhnien.vn/sao-choi-duoc-cho-ngam-bang-mat-thuong-co-the-dang-tan-ra-nguoi-viet-hut-hang-185240712165436365.htm
2024-07-20 16:05:00,"Xem kết quả xổ số (KQXS), xổ số miền Bắc (XSMB), xổ số miền Nam (XSMN), xổ số miền Trung (XSMT), xổ số điện toán trực tiếp nhanh hôm nay thứ bảy ngày 20.7.2024. KQXS TP.HCM, KQXS Long An, KQXS Bình Phước, KQXS Hậu Giang...",https://thanhnien.vn/ket-qua-xo-so-hom-nay-kqxs-xo-so-truc-tiep-thu-bay-ngay-2072024-185240720132130174.htm
2024-07-20 19:53:00,"‘Người ta thường hay quan niệm học lịch sử là phải biết thật nhiều sự kiện, ghi nhớ thật nhiều ngày tháng, số liệu... Đó là quan niệm không đúng’.",https://thanhnien.vn/tien-si-lich-su-chia-se-cach-hoc-va-thi-theo-nang-luc-pham-chat-185240720182404789.htm
2024-07-20 19:33:00,"Chiều nay (20.7), Trường CĐ Kỹ thuật Cao Thắng đã công bố kết quả trúng tuyển theo phương thức xét điểm thi tốt nghiệp THPT và thông báo xét tuyển bổ sung vào 18 ngành nghề đào tạo của trường.",https://thanhnien.vn/trung-binh-7-diem-mon-trung-tuyen-vao-nganh-nao-cua-truong-cd-ky-thuat-cao-thang-185240720185434346.htm
2024-07-20 18:20:00,"Trường ĐH Khoa học xã hội và nhân văn (ĐH Quốc gia TP.HCM) công bố điểm sàn xét tuyển bằng điểm thi tốt nghiệp THPT 2024, trong đó 6 ngành nhận hồ sơ từ mức 21 điểm trở lên.",https://thanhnien.vn/truong-dh-khoa-hoc-xa-hoi-va-nhan-van-tphcm-co-6-nganh-diem-san-tu-21-18524072018135509.htm
2024-07-20 14:13:00,"Trường ĐH Sư phạm Hà Nội có nhiều ngành đào tạo ngoài sư phạm, điểm sàn của những ngành này do trường tự quyết định, không phụ thuộc vào quy định của Bộ GD-ĐT.",https://thanhnien.vn/16-17-diem-van-du-dieu-kien-dang-ky-xet-tuyen-truong-dh-su-pham-ha-noi-185240720131127123.htm
2024-07-20 12:33:00,"Trường ĐH Hoa Sen vừa thông báo mức điểm sàn xét tuyển đối với phương thức sử dụng kết quả kỳ thi tốt nghiệp THPT năm 2024, đồng thời công bố điểm chuẩn của các phương thức xét tuyển thẳng, xét học bạ và xét điểm thi đánh giá năng lực.",https://thanhnien.vn/nganh-la-tai-truong-dh-hoa-sen-lay-diem-san-xet-tuyen-bao-nhieu-185240720121047771.htm
2024-07-20 12:41:00,"Hàng năm, từ 15 - 20.7 (tức 10 - 16.6 âm lịch) các làng chài ven biển tỉnh Phú Yên nhộn nhịp và lộng lẫy sắc màu với các lễ hội cầu ngư.",https://thanhnien.vn/doc-dao-mua-le-cau-ngu-cua-cac-lang-bien-phu-yen-185240719141059505.htm
2024-07-20 18:53:00,Tư lệnh quân đội Philippines cho biết không quân nước này cần tăng cường đào tạo phi công nếu muốn mua những loại tiêm kích hiện đại.,https://thanhnien.vn/philippines-tang-cuong-dao-tao-phi-cong-muon-hien-dai-hoa-phi-doi-tiem-kich-185240720164151327.htm
2024-07-20 15:21:00,"Báo cáo của công ty dữ liệu Altrata (trụ sở London, Anh) về tầng lớp siêu giàu cho thấy thế giới hiện có 426.330 cá nhân sở hữu tài sản từ 30 triệu USD hoặc hơn, theo Đài CNBC hôm 19.7.",https://thanhnien.vn/tong-tai-san-cua-gioi-sieu-giau-nam-2024-tang-len-49000-ti-usd-nho-co-phieu-185240720141515152.htm
2023-10-24 07:33:00,"Các chính phủ trên toàn cầu nên mở ra mặt trận mới trong nỗ lực chống trốn thuế, theo đó chỉ cần áp đặt mức thuế tối thiểu đối với giới siêu giàu cũng có thể thu về 250 tỉ USD/năm.",https://thanhnien.vn/sang-kien-danh-thue-ti-phu-toan-cau-185231023224328848.htm
2024-07-20 15:19:00,Nhiều nhà lãnh đạo thế giới trong ngày 19 và 20.7 đã gửi lời chia buồn trên mạng xã hội khi được tin Tổng Bí thư Nguyễn Phú Trọng từ trần.,https://thanhnien.vn/lanh-dao-the-gioi-gui-loi-chia-buon-tong-bi-thu-nguyen-phu-trong-tu-tran-185240720144059557.htm
2024-07-20 13:09:00,"Chủ tịch nước Cộng hòa Cuba đã quyết định tổ chức quốc tang tưởng niệm Tổng Bí thư Nguyễn Phú Trọng, theo thông cáo do nhật báo Granma đăng ngày 19.7.",https://thanhnien.vn/cuba-tuyen-bo-quoc-tang-tuong-niem-tong-bi-thu-nguyen-phu-trong-185240720130142635.htm
2024-07-20 14:23:00,"Một cây cầu bị sập do lũ quét ở tỉnh Thiểm Tây, Trung Quốc, khiến ít nhất 11 người thiệt mạng và hơn 30 người mất tích.",https://thanhnien.vn/sap-cau-it-nhat-11-nguoi-thiet-mang-o-trung-quoc-185240720141438344.htm
2023-07-04 15:21:00,"Cầu xe lửa Tứ Bộ Hà tại Trùng Khánh bị sập một phần do nước lũ, giữa tháng có cảnh báo nhiều thiên tai do mưa lớn ở Trung Quốc.",https://thanhnien.vn/mua-lon-lam-sap-cau-xe-lua-giua-thang-thien-tai-o-trung-quoc-185230704150500839.htm
2024-07-20 14:20:00,"Suốt 3 tháng, một máy bay huấn luyện Yakovlev Yak-52 của Ukraine đã truy lùng và bắn hạ các máy bay do thám của Nga trên bầu trời Odessa, miền nam Ukraine.",https://thanhnien.vn/tai-sao-nga-tim-cach-diet-tru-mot-chiec-yak-52-cua-ukraine-185240720093229265.htm
2024-07-18 18:00:00,"Dù triển khai nhiều công nghệ hiện đại, Nga và Ukraine vẫn lệ thuộc vào một loại vũ khí chủ chốt với khả năng gây thiệt hại nhiều nhất khi tấn công cũng như phòng thủ.",https://thanhnien.vn/xung-dot-nga-ukraine-vu-khi-nao-la-ba-chu-tren-chien-truong-185240718162717488.htm
2024-07-20 14:09:00,Quân đội Israel cho rằng chiếc máy bay không người lái (UAV) do Houthi phóng vào thành phố Tel Aviv hôm 19.7 dường như đã được sửa đổi để tấn công mục tiêu ở tầm xa.,https://thanhnien.vn/houthi-dung-uav-cua-iran-de-tan-cong-israel-185240720110252483.htm
2023-04-22 07:07:00,"Sáng 20.4 theo giờ địa phương, tại Trụ sở Quốc hội Cuba, ngay sau lễ đón chính thức, Chủ tịch Quốc hội Vương Đình Huệ đã tiến hành hội đàm với Chủ tịch Quốc hội Chính quyền nhân dân và Hội đồng Nhà nước Cuba Esteban Lazo Hernández.",https://thanhnien.vn/tang-cuong-hon-nua-quan-he-viet-nam-cuba-185230422003539109.htm
2024-06-27 21:57:00,Các cơ quan vũ trụ Mỹ vừa khẳng định một vệ tinh của Nga đã vỡ thành hơn 100 mảnh vụn trên quỹ đạo vào tối 26.6 và rạng sáng 27.6 (theo giờ Việt Nam).,https://thanhnien.vn/my-noi-ve-tinh-nga-no-thanh-hon-100-manh-phi-hanh-gia-tren-iss-tru-an-185240627200714756.htm
2024-07-16 06:36:00,Cựu Tổng thống Mỹ Donald Trump ngày 15.7 đã công bố Thượng nghị sĩ bang Ohio J.D Vance là liên danh tranh cử trong cuộc đua vào Nhà Trắng.,https://thanhnien.vn/ong-trump-chon-thuong-nghi-si-ohio-lam-ung-vien-pho-tong-thong-185240716060910543.htm
2024-06-01 19:41:00,"Ngân hàng Dự trữ Ấn Độ (RBI) vừa chuyển hơn 100 tấn vàng từ Anh về các kho dự trữ trong nước, đợt rút vàng lớn của nước này từ năm 1991.",https://thanhnien.vn/an-do-rut-100-tan-vang-tu-anh-ve-kho-du-tru-trong-nuoc-185240601192729633.htm
2024-06-08 09:40:00,Trà xanh từ lâu được biết đến là thức uống mang lại nhiều lợi ích cho sức khỏe.,https://thanhnien.vn/tra-xanh-va-ca-phe-loai-nao-giup-tinh-tao-nhanh-hon-18524060809373518.htm
2024-07-14 10:15:00,"Ổi là loại trái cây được đánh giá là có tác dụng rất tốt đối với bệnh nhân tiểu đường. Nó rất giàu chất chống oxy hóa, vitamin C, kali và chất xơ giúp kiểm soát lượng đường trong máu.",https://thanhnien.vn/tac-dung-bat-ngo-cua-la-oi-doi-voi-benh-tieu-duong-185240707191235026.htm
2024-07-15 04:07:00,Chuối là một trong những món ăn nhẹ phổ biến. Ăn 1 quả chuối trước khi đi ngủ sẽ giúp bạn say giấc.,https://thanhnien.vn/tac-dung-khong-ngo-cua-viec-an-1-qua-chuoi-truoc-khi-ngu-185240714172330525.htm
2024-07-20 19:41:00,"Nghiên cứu vừa được công bố trên tạp chí y khoa journal Nature Medicine đã phát hiện ra rằng sử dụng dầu thực vật giúp giảm nguy cơ đau tim, đột quỵ và bệnh tiểu đường loại 2.",https://thanhnien.vn/tin-vui-khi-ban-hay-nau-an-bang-dau-thuc-vat-185240720193749479.htm
2024-06-12 00:07:00,"Nghiên cứu mới quy mô lớn, được công bố trên tạp chí y khoa BMJ Medicine, đã phát hiện dầu cá có thể là vị cứu tinh đối với người mắc bệnh tim mạch, giúp giảm nguy cơ đau tim và tử vong do bệnh tim.",https://thanhnien.vn/doi-voi-nhung-nguoi-nay-dau-ca-co-the-la-vi-cuu-tinh-185240611172236016.htm
2024-07-20 12:59:00,"Nám mảng, nám hỗn hợp hay nám chân sâu rất khó điều trị tận gốc và thường tái đi tái lại. Nhưng với top 10 serum trị nám, tàn nhang đến từ các thương hiệu nổi tiếng dưới đây thì mọi loại nám “cứng đầu” tới đâu cũng được đánh bay cho làn da trắng sáng đều màu.",https://thanhnien.vn/top-10-serum-tri-nam-sam-tan-nhang-hieu-qua-hang-dau-hien-nay-185240720111758751.htm
